<?xml version="1.0"?>
<xul:vbox flex="1" id="asdasd"
	xmlns:xul="http://www.mozilla.org/keymaster/gatekeeper/there.is.only.xul">
	<xul:toolbar>
		<xul:toolbarbutton label="Archieve" observes="brd_message_selected"/>
		<xul:toolbarbutton label="Report spam" observes="brd_message_selected" />
		<xul:toolbarbutton label="Delete" observes="brd_message_selected" />
		<xul:toolbarbutton label="Mark as read" observes="brd_message_selected" />
		<xul:toolbarseparator />
		<xul:toolbarbutton label="Move to" type="menu">
			<xul:menupopup id="pop_moveto">
				<xul:menuitem>
					<xul:textbox type="search" />
				</xul:menuitem>
				<xul:menuseparator id="pop_moveto_after"/>
				<xul:menuseparator />
				<xul:menuitem label="Manage labels..." />
			</xul:menupopup>
		</xul:toolbarbutton>
		<xul:toolbarbutton label="Labels" type="menu">
			<xul:menupopup id="pop_labels">
				<xul:menuitem>
					<xul:textbox type="search" />
				</xul:menuitem>
				<xul:menuseparator id="pop_labels_after"/>
				<xul:menuseparator />
				<xul:menuitem label="Manage labels..." />
			</xul:menupopup>
		</xul:toolbarbutton>
		<xul:toolbarseparator />
		<xul:toolbarbutton label="More actions" type="menu">
			<xul:menupopup>
				<xul:menuitem label="Mark as unread" observes="brd_message_selected" />
				<xul:menuitem label="Add to tasks" observes="brd_message_selected" />
				<xul:menuitem label="Add star" observes="brd_message_selected" />
				<xul:menuitem label="Remove star" observes="brd_message_selected" />
				<xul:menuitem label="Filter messages like this..." observes="brd_message_selected" />
			</xul:menupopup>
		</xul:toolbarbutton>
		<xul:hbox flex="1" pack="end" align="center">
			<xul:textbox type="search" placeholder="Type text to search..." />
			<xul:spacer width="5" />
		</xul:hbox>
	</xul:toolbar>
	<xul:listbox minheight="100" maxheight="300" height="200" onselect="ample.query('#brd_message_selected').attr('disabled', this.selectedItems.length ? 'false' : 'true');">
		<xul:listhead>
			<xul:listheader minwidth="100" width="200" label="From"/>
			<xul:listheader minwidth="300" width="300" label="Subject"/>
			<xul:listheader minwidth="50" width="100" label="Labels"/>
			<xul:listheader minwidth="50" width="100" label="Attachements"/>
			<xul:listheader minwidth="50" width="120" label="Date"/>
		</xul:listhead>
		<xul:listbody id="messages"/>
	</xul:listbox>
	<xul:splitter />
	<xul:grid>
		<xul:rows>
			<xul:row>
				<xul:label value="From:" />
				<xul:label />
			</xul:row>
			<xul:row>
				<xul:label value="Header:" />
				<xul:label />
			</xul:row>
		</xul:rows>
	</xul:grid>
	<xul:description style="background-color: white" flex="1" value=" "/>
</xul:vbox>