<?xml version="1.0"?>
<?xml-stylesheet type="text/xsl" href="../stylesheets/book.xsl"?>
<book name="Ample SDK 1.0">
	<node title="Runtime" open="true">
		<node title="JavaScript technologies" open="true">
			<node title="ample" url="ample/runtime/ample.xml"/>
			<!--node title="event" url="ample/runtime/event_object.xml"/-->
			<!--node title="JavaScript technologies" /-->
			<node title="DOM Level 2/3" open="true">
				<!--node title="DOM Level 2/3" xurl="ample/runtime/dom.xml"/-->
				<node title="Query" url="ample/runtime/Query.xml"/>
				<node title="DOM Core">
					<node title="Attr" url="ample/runtime/Attr.xml"/>
					<node title="CDATASection" url="ample/runtime/CDATASection.xml"/>
					<node title="CharacterData" url="ample/runtime/CharacterData.xml"/>
					<node title="Comment" url="ample/runtime/Comment.xml"/>
					<node title="Document" url="ample/runtime/Document.xml"/>
					<node title="DocumentFragment" url="ample/runtime/DocumentFragment.xml"/>
					<node title="Element" url="ample/runtime/Element.xml"/>
					<node title="EntityReference" url="ample/runtime/EntityReference.xml"/>
					<node title="Node" url="ample/runtime/Node.xml"/>
					<node title="NodeList" url="ample/runtime/NodeList.xml"/>
					<node title="ProcessingInstruction" url="ample/runtime/ProcessingInstruction.xml"/>
					<node title="Text" url="ample/runtime/Text.xml"/>
					<node title="DOMImplementation" url="ample/runtime/DOMImplementation.xml"/>
					<node title="DOMConfiguration" url="ample/runtime/DOMConfiguration.xml"/>
					<node title="DOMError" url="ample/runtime/DOMError.xml"/>
					<node title="DOMException" url="ample/runtime/DOMException.xml"/>
					<node title="DOMStringList" url="ample/runtime/DOMStringList.xml"/>
				</node>
				<node title="DOM Events">
					<node title="Event" url="ample/runtime/Event.xml"/>
					<node title="CustomEvent" url="ample/runtime/CustomEvent.xml"/>
					<node title="UIEvent" url="ample/runtime/UIEvent.xml"/>
					<node title="FocusEvent" url="ample/runtime/FocusEvent.xml"/>
					<node title="MouseEvent" url="ample/runtime/MouseEvent.xml"/>
					<node title="WheelEvent" url="ample/runtime/WheelEvent.xml"/>
					<node title="KeyboardEvent" url="ample/runtime/KeyboardEvent.xml"/>
					<node title="TextEvent" url="ample/runtime/TextEvent.xml"/>
					<node title="MutationEvent" url="ample/runtime/MutationEvent.xml"/>
					<node title="ResizeEvent" url="ample/runtime/ResizeEvent.xml"/>
					<node title="DragEvent" url="ample/runtime/DragEvent.xml"/>
					<node title="HashChangeEvent" url="ample/runtime/HashChangeEvent.xml"/>
				</node>
				<node title="DOM Range">
					<node title="Range" xurl="ample/runtime/Range.xml"/>
				</node>
				<node title="DOM Load/Save">
					<node title="LSReader" xurl="ample/runtime/LSReader.xml"/>
					<node title="LSWriter" xurl="ample/runtime/LSWriter.xml"/>
					<node title="LSParser" xurl="ample/runtime/LSParser.xml"/>
					<node title="LSSerializer" xurl="ample/runtime/LSSerializer.xml"/>
				</node>
				<node title="DOM Helper Objects">
					<node title="DataTransfer" url="ample/runtime/DataTransfer.xml"/>
					<node title="Locale" url="ample/runtime/Locale.xml"/>
				</node>
			</node>
			<node title="Touch UI" open="true">
				<node title="Touch Core">
					<node title="Touch" url="ample/runtime/Touch.xml"/>
					<node title="TouchList" url="ample/runtime/TouchList.xml"/>
				</node>
				<node title="Touch Events">
					<node title="TouchEvent" url="ample/runtime/TouchEvent.xml"/>
					<node title="GestureEvent" url="ample/runtime/GestureEvent.xml"/>
				</node>
			</node>
			<node title="JS objects">
				<node title="JSON" url="ample/runtime/JSON.xml"/>
			</node>
			<node title="XML objects">
				<node title="DOMParser" url="ample/runtime/DOMParser.xml"/>
				<node title="XMLSerializer" url="ample/runtime/XMLSerializer.xml"/>
				<node title="XSLTProcessor" url="ample/runtime/XSLTProcessor.xml"/>
			</node>
			<node title="I/O Objects">
				<node title="XMLHttpRequest" url="ample/runtime/XMLHttpRequest.xml"/>
			</node>
		</node>

		<node title="XML technologies" open="true">
			<!--node title="XML technologies" /-->
			<node title="XInclude 1.0">
				<node title="Overview" url="ample/xinclude/index.xml"/>
				<node title="XML Schema" url="ample/xinclude/xinclude10.xsd" />
				<node title="Elements">
					<node title="include" url="ample/xinclude/include.xml"/>
					<node title="fallback" url="ample/xinclude/fallback.xml"/>
				</node>
			</node>
			<node title="XML Events 1.0">
				<node title="Overview" url="ample/xmlevents/index.xml"/>
				<node title="XML Schema" url="ample/xmlevents/xmlevents10.xsd" />
				<node title="Elements">
					<node title="listener" url="ample/xmlevents/listener.xml"/>
				</node>
			</node>
			<node title="AML 1.0">
				<node title="Overview" url="ample/aml/index.xml"/>
				<node title="XML Schema" url="ample/aml/aml.xsd" />
				<node title="Elements">
					<node title="data" url="ample/aml/data.xml"/>
					<node title="handler" url="ample/aml/handler.xml"/>
					<node title="repeater" url="ample/aml/repeater.xml"/>
				</node>
			</node>
			<node title="SMIL 3.0">
				<node title="Overview" url="ample/smil/index.xml"/>
				<node title="XML Schema" xurl="ample/smil/smil30-ample.xsd" />
				<node title="Objects">
					<node title="SMILTimingElement" url="ample/smil/SMILTimingElement.xml"/>
					<node title="SMILAnimationElement" url="ample/smil/SMILAnimationElement.xml"/>
				</node>
				<node title="Elements">
					<node title="animate" url="ample/smil/animate.xml" />
					<node title="animateMotion" url="ample/smil/animateMotion.xml" />
					<node title="animateColor" url="ample/smil/animateColor.xml" />
					<node title="set" url="ample/smil/set.xml" />
					<node title="par" url="ample/smil/par.xml" />
					<node title="seq" url="ample/smil/seq.xml" />
					<node title="excl" url="ample/smil/excl.xml" />
				</node>
			</node>
			<node title="XML Schema 1.1">
				<node title="Overview" url="ample/xmlschema/index.xml"/>
				<node title="XML Schema" xurl="ample/xmlschema/xmlschema11-datatypes-ample.xsd"/>
				<node title="Elements">
					<node title="Datatypes">
						<node title="simpleType" url="ample/xmlschema/simpleType.xml" />
						<!--  -->
						<node title="union" url="ample/xmlschema/union.xml" />
						<node title="list" url="ample/xmlschema/list.xml" />
						<node title="restriction" url="ample/xmlschema/restriction.xml" />
						<!--  -->
						<node title="enumeration" url="ample/xmlschema/enumeration.xml" />
						<node title="assertion" url="ample/xmlschema/assertion.xml" />
						<!--  -->
						<node title="length" url="ample/xmlschema/length.xml" />
						<node title="minLength" url="ample/xmlschema/minLength.xml" />
						<node title="maxLength" url="ample/xmlschema/maxLength.xml" />
						<node title="pattern" url="ample/xmlschema/pattern.xml" />
						<node title="whiteSpace" url="ample/xmlschema/whiteSpace.xml" />
						<node title="maxInclusive" url="ample/xmlschema/maxInclusive.xml" />
						<node title="minInclusive" url="ample/xmlschema/minInclusive.xml" />
						<node title="maxExclusive" url="ample/xmlschema/maxExclusive.xml" />
						<node title="minExclusive" url="ample/xmlschema/minExclusive.xml" />
						<node title="totalDigits" url="ample/xmlschema/totalDigits.xml" />
						<node title="fractionDigits" url="ample/xmlschema/fractionDigits.xml" />
						<node title="minScale" url="ample/xmlschema/minScale.xml" />
						<node title="maxScale" url="ample/xmlschema/maxScale.xml" />
						<!--  -->
						<node title="explicitTimezone" xurl="ample/xmlschema/explicitTimezone.xml" />
					</node>
					<node title="Structures">
						<node title="complexType" xurl="ample/xmlschema/complexType.xml" />
						<!--  -->
						<node title="override" xurl="ample/xmlschema/override.xml" />
						<node title="redefine" xurl="ample/xmlschema/redefine.xml" />
						<!--  -->
						<node title="element" xurl="ample/xmlschema/element.xml" />
						<node title="group" xurl="ample/xmlschema/group.xml" />
						<node title="attribute" xurl="ample/xmlschema/attribute.xml" />
						<node title="attributeGroup" xurl="ample/xmlschema/attributeGroup.xml" />
						<!--  -->
						<node title="notation" xurl="ample/xmlschema/notation.xml" />
						<!--  -->
						<node title="simpleContent" xurl="ample/xmlschema/simpleContent.xml" />
						<node title="complexContent" xurl="ample/xmlschema/complexContent.xml" />
						<!--  -->
						<node title="assert" xurl="ample/xmlschema/assert.xml" />
						<!--  -->
						<node title="openContent" xurl="ample/xmlschema/openContent.xml" />
						<node title="defaultOpenContent" xurl="ample/xmlschema/defaultOpenContent.xml" />
						<!--  -->
						<node title="any" xurl="ample/xmlschema/any.xml" />
						<node title="anyAttribute" xurl="ample/xmlschema/anyAttribute.xml" />
						<!--  -->
						<node title="restriction" xurl="ample/xmlschema/restriction.xml" />
						<node title="extension" xurl="ample/xmlschema/restriction.xml" />
						<!--  -->
						<node title="sequence" xurl="ample/xmlschema/sequence.xml" />
						<node title="choice" xurl="ample/xmlschema/choice.xml" />
						<node title="all" xurl="ample/xmlschema/all.xml" />
						<!--  Identity-constraint Definition -->
						<node title="key" xurl="ample/xmlschema/key.xml" />
						<node title="selector" xurl="ample/xmlschema/selector.xml" />
						<node title="field" xurl="ample/xmlschema/field.xml" />
						<node title="keyref" xurl="ample/xmlschema/keyref.xml" />
						<node title="unique" xurl="ample/xmlschema/unique.xml" />
					</node>
					<node title="schema" url="ample/xmlschema/schema.xml" />
					<node title="import" xurl="ample/xmlschema/import.xml" />
					<node title="include" xurl="ample/xmlschema/include.xml" />
					<!--  -->
					<node title="appinfo" xurl="ample/xmlschema/appinfo.xml" />
					<node title="annotation" xurl="ample/xmlschema/annotation.xml" />
					<node title="documentation" xurl="ample/xmlschema/documentation.xml" />
				</node>
			</node>
			<node title="REX 1.0">
				<node title="Overview" url="ample/rex/index.xml" />
				<node title="XML Schema" />
				<node title="Elements">
					<node title="rex" />
					<node title="event" />
				</node>
			</node>
			<node title="XBL 2.0">
				<node title="Overview" url="ample/xbl/index.xml"/>
				<node title="XML Schema" />
				<node title="Elements">
					<node title="binding" />
					<node title="script" />
					<node title="handlers" />
					<node title="handler" />
					<node title="implementation" />
					<node title="resources" />
					<node title="style" />
					<node title="prefetch" />
					<node title="template" />
					<node title="content" />
					<node title="inherited" />
					<node title="xbl" />
				</node>
			</node>
		</node>
	</node>
	<node title="Plugins" open="true">
		<node title="Cookie">
			<node title="Cookie" xhref="ample/plugins/cookie.xml" />
		</node>
		<node title="Forms">
			<node title="Form" xhref="ample/plugins/forms.xml"/>
		</node>
		<node title="Store">
			<node title="Store" xhref="ample/plugins/store.xml"/>
		</node>
		<node title="XPath">
			<node title="Objects">
				<node title="XPathEvaluator" xhref="ample/plugins/XPathEvaluator.xml"/>
				<node title="XPathException" xhref="ample/plugins/XPathException.xml"/>
				<node title="XPathExpression" xhref="ample/plugins/XPathExpression.xml"/>
				<node title="XPathNamespace" xhref="ample/plugins/XPathNamespace.xml"/>
				<node title="XPathNSResolver" xhref="ample/plugins/XPathNSResolver.xml"/>
				<node title="XPathResult" xhref="ample/plugins/XPathResult.xml"/>
			</node>
			<node title="XPath" xhref="ample/plugins/xpath.xml"/>
		</node>
		<node title="XSLT">
			<node title="XSLT" xhref="ample/plugins/xslt.xml"/>
		</node>
		<node title="SOAP">
			<node title="SOAP" xhref="ample/plugins/soap.xml"/>
			<node title="Objects">
				<node title="SoapRequest" xurl="ample/runtime/SoapRequest.xml"/>
				<node title="SoapEnvelope" xurl="ample/runtime/SoapEnvelope.xml"/>
			</node>
		</node>
		<node title="XMPP">
			<node title="XMPP" xhref="ample/plugins/xmpp.xml"/>
			<node title="Objects">
				<node title="XmppConnection" xurl="ample/runtime/XmppConnection.xml"/>
				<node title="XmppPacket" xurl="ample/runtime/XmppPacket.xml"/>
				<node title="XmppIQ" xurl="ample/runtime/XmppIQ.xml"/>
				<node title="XmppMessage" xurl="ample/runtime/XmppMessage.xml"/>
				<node title="XmppPresence" xurl="ample/runtime/XmppPresence.xml"/>
				<node title="XmppRoster" xurl="ample/runtime/XmppRoster.xml"/>
				<node title="XmppRosterEntry" xurl="ample/runtime/XmppRosterEntry.xml"/>
				<node title="XmppRosterGroup" xurl="ample/runtime/XmppRosterGroup.xml"/>
				<node title="XmppChat" xurl="ample/runtime/XmppClient.xml"/>
				<node title="XmppGroupChat" xurl="ample/runtime/XmppGroupClient.xml"/>
			</node>
		</node>
	</node>
	<node title="UI languages" open="true">
		<!--node title="UI languages" /-->
		<node title="HTML 5">
			<node title="Overview" url="ample/xhtml/index.xml" />
		</node>
		<node title="SVG 1.1">
			<node title="Overview" url="ample/svg/index.xml"/>
			<node title="XML Schema" xurl="ample/svg/svg11-ample.xsd"/>
			<node title="Objects">
				<node title="SVGElement" url="ample/svg/SVGElement.xml"/>
				<node title="SVGShapeElement" url="ample/svg/SVGShapeElement.xml"/>
			</node>
			<node title="Elements">
				<node title="a" url="ample/svg/a.xml"/>
				<node title="circle" url="ample/svg/circle.xml"/>
				<node title="defs" url="ample/svg/defs.xml"/>
				<node title="desc" url="ample/svg/desc.xml"/>
				<node title="ellipse" url="ample/svg/ellipse.xml"/>
				<node title="foreignObject" url="ample/svg/foreignObject.xml"/>
				<node title="g" url="ample/svg/g.xml"/>
				<node title="image" url="ample/svg/image.xml"/>
				<node title="line" url="ample/svg/line.xml"/>
				<node title="linearGradient" url="ample/svg/linearGradient.xml"/>
				<node title="marker" xurl="ample/svg/marker.xml"/>
				<node title="path" url="ample/svg/path.xml"/>
				<node title="pattern" xurl="ample/svg/pattern.xml"/>
				<node title="polygon" url="ample/svg/polygon.xml"/>
				<node title="polyline" url="ample/svg/polyline.xml"/>
				<node title="radialGradient" url="ample/svg/radialGradient.xml"/>
				<node title="rect" url="ample/svg/rect.xml"/>
				<node title="script" url="ample/svg/script.xml"/>
				<node title="stop" url="ample/svg/stop.xml"/>
				<node title="style" url="ample/svg/style.xml"/>
				<node title="svg" url="ample/svg/svg.xml"/>
				<node title="switch" xurl="ample/svg/switch.xml"/>
				<node title="text" url="ample/svg/text.xml"/>
				<node title="textPath" url="ample/svg/textPath.xml"/>
				<node title="title" url="ample/svg/title.xml"/>
				<node title="tspan" url="ample/svg/tspan.xml"/>
				<node title="tref" url="ample/svg/tref.xml"/>
				<node title="use" url="ample/svg/use.xml"/>
			</node>
		</node>
		<node title="XForms 1.1">
			<node title="Overview" url="ample/xforms/index.xml"/>
			<node title="XML Schema" xurl="ample/xforms/xforms11-ample.xsd"/>
			<!-- node title="Elements" /-->
		</node>
		<node title="Chart">
			<node title="Overview" url="ample/chart/index.xml"/>
			<node title="XML Schema" xurl="ample/chart/chart.xsd"/>
			<node title="Objects">
				<node title="ChartElement" url="ample/chart/ChartElement.xml"/>
				<node title="ChartCanvasElement" url="ample/chart/ChartCanvasElement.xml"/>
			</node>
			<node title="Elements">
				<node title="area" url="ample/chart/area.xml"/>
				<node title="bar" url="ample/chart/bar.xml"/>
				<node title="bubble" url="ample/chart/bubble.xml"/>
				<node title="column" url="ample/chart/column.xml"/>
				<node title="doughnut" url="ample/chart/doughnut.xml"/>
				<node title="funnel" url="ample/chart/funnel.xml"/>
				<node title="group" url="ample/chart/group.xml"/>
				<node title="item" url="ample/chart/item.xml"/>
				<node title="line" url="ample/chart/line.xml"/>
				<node title="map" url="ample/chart/map.xml"/>
				<node title="pie" url="ample/chart/pie.xml"/>
				<node title="radar" url="ample/chart/radar.xml"/>
				<node title="stream" url="ample/chart/stream.xml"/>
			</node>
		</node>
		<node title="XUL">
			<node title="Overview" url="ample/xul/index.xml"/>
			<node title="XML Schema" xurl="ample/xul/xul.xsd"/>
			<node title="Objects">
				<node title="XULElement" url="ample/xul/XULElement.xml"/>
				<node title="XULDocument" url="ample/xul/XULDocument.xml"/>
				<node title="XULPopupElement" url="ample/xul/XULPopupElement.xml"/>
				<node title="XULSelectElement" url="ample/xul/XULSelectElement.xml"/>
				<node title="XULWindowElement" url="ample/xul/XULWindowElement.xml"/>
				<node title="XULCommandDispatcher" xurl="ample/xul/XULCommandDispatcher.xml"/>
				<node title="XULControllers" xurl="ample/xul/XULControllers.xml"/>
			</node>
			<node title="Elements">
				<node title="Windows">
					<node title="dialog" url="ample/xul/dialog.xml"/>
					<node title="overlay" xurl="ample/xul/overlay.xml"/>
					<node title="preference" xurl="ample/xul/preference.xml"/>
					<node title="preferences" xurl="ample/xul/preferences.xml"/>
					<node title="prefpane" xurl="ample/xul/prefpane.xml"/>
					<node title="prefwindow" xurl="ample/xul/prefwindow.xml"/>
					<node title="page" url="ample/xul/page.xml"/>
					<node title="window" url="ample/xul/window.xml"/>
					<node title="wizard" url="ample/xul/wizard.xml"/>
					<node title="wizardpage" url="ample/xul/wizardpage.xml"/>
				</node>
				<node title="Window structure">
					<node title="browser" xurl="ample/xul/browser.xml"/>
					<node title="tabbrowser" xurl="ample/xul/tabbrowser.xml"/>
					<!-- editor on Mozilla belongs here -->
					<node title="iframe" url="ample/xul/iframe.xml"/>
					<node title="titlebar" xurl="ample/xul/titlebar.xml"/>
					<node title="dialogheader" url="ample/xul/dialogheader.xml"/>
					<node title="resizer" xurl="ample/xul/resizer.xml"/>
					<node title="statusbar" url="ample/xul/statusbar.xml"/>
					<node title="statusbarpanel" url="ample/xul/statusbarpanel.xml"/>
					<node title="notification" xurl="ample/xul/notification.xml"/>
					<node title="notificationbox" xurl="ample/xul/notificationbox.xml"/>
				</node>
				<node title="Menus and popups">
					<node title="menu" url="ample/xul/menu.xml"/>
					<node title="menubar" url="ample/xul/menubar.xml"/>
					<node title="menuitem" url="ample/xul/menuitem.xml"/>
					<node title="menupopup" url="ample/xul/menupopup.xml"/>
					<node title="menuseparator" url="ample/xul/menuseparator.xml"/>
					<node title="panel" url="ample/xul/panel.xml"/>
					<node title="popupset" url="ample/xul/popupset.xml"/>
					<node title="tooltip" url="ample/xul/tooltip.xml"/>
				</node>
				<node title="Toolbars">
					<node title="toolbar" url="ample/xul/toolbar.xml"/>
					<node title="toolbarbutton" url="ample/xul/toolbarbutton.xml"/>
					<node title="toolbargrippy" url="ample/xul/toolbargrippy.xml"/>
					<node title="toolbaritem" xurl="ample/xul/toolbaritem.xml"/>
					<node title="toolbarpalette" xurl="ample/xul/toolbarpalette.xml"/>
					<node title="toolbarseparator" url="ample/xul/toolbarseparator.xml"/>
					<node title="toolbarset" xurl="ample/xul/toolbarset.xml"/>
					<node title="toolbarspacer" xurl="ample/xul/toolbarspacer.xml"/>
					<node title="toolbarspring" xurl="ample/xul/toolbarspring.xml"/>
					<node title="toolbox" url="ample/xul/toolbox.xml"/>
				</node>
				<node title="Tabs and grouping">
					<node title="caption" url="ample/xul/caption.xml"/>
					<node title="groupbox" url="ample/xul/groupbox.xml"/>
					<node title="separator" url="ample/xul/separator.xml"/>
					<node title="spacer" url="ample/xul/spacer.xml"/>
					<node title="tabbox" url="ample/xul/tabbox.xml"/>
					<node title="tab" url="ample/xul/tab.xml"/>
					<node title="tabs" url="ample/xul/tabs.xml"/>
					<node title="tabpanel" url="ample/xul/tabpanel.xml"/>
					<node title="tabpanels" url="ample/xul/tabpanels.xml"/>
				</node>
				<node title="Controls">
					<node title="button" url="ample/xul/button.xml"/>
					<node title="checkbox" url="ample/xul/checkbox.xml"/>
					<node title="colorpicker" url="ample/xul/colorpicker.xml"/>
					<node title="datepicker" url="ample/xul/datepicker.xml"/>
					<node title="editor" url="ample/xul/editor.xml"/>
					<node title="menulist" url="ample/xul/menulist.xml"/>
					<node title="progressmeter" url="ample/xul/progressmeter.xml"/>
					<node title="radio" url="ample/xul/radio.xml"/>
					<node title="radiogroup" url="ample/xul/radiogroup.xml"/>
					<node title="scale" url="ample/xul/scale.xml"/>
					<!-- splitter on Mozilla belongs here -->
					<node title="textbox" url="ample/xul/textbox.xml"/>
					<node title="timepicker" url="ample/xul/timepicker.xml"/>
				</node>
				<node title="Text and images">
					<node title="description" url="ample/xul/description.xml"/>
					<node title="label" url="ample/xul/label.xml"/>
					<node title="image" url="ample/xul/image.xml"/>
				</node>
				<node title="Lists">
					<node title="listbody" url="ample/xul/listbody.xml"/>
					<node title="listbox" url="ample/xul/listbox.xml"/>
					<node title="listcell" url="ample/xul/listcell.xml"/>
					<node title="listcol" xurl="ample/xul/listcol.xml"/>
					<node title="listcols" xurl="ample/xul/listcols.xml"/>
					<node title="listhead" url="ample/xul/listhead.xml"/>
					<node title="listheader" url="ample/xul/listheader.xml"/>
					<node title="listitem" url="ample/xul/listitem.xml"/>
					<node title="richlistbox" xurl="ample/xul/richlistbox.xml"/>
					<node title="richlistitem" xurl="ample/xul/richlistitem.xml"/>
				</node>
				<node title="Trees">
					<node title="tree" url="ample/xul/tree.xml"/>
					<node title="treebody" url="ample/xul/treebody.xml"/>
					<node title="treecell" url="ample/xul/treecell.xml"/>
					<node title="treechildren" url="ample/xul/treechildren.xml"/>
					<node title="treecol" url="ample/xul/treecol.xml"/>
					<node title="treecols" url="ample/xul/treecols.xml"/>
					<node title="treeitem" url="ample/xul/treeitem.xml"/>
					<node title="treerow" url="ample/xul/treerow.xml"/>
					<node title="treeseparator" xurl="ample/xul/treeseparator.xml"/>
				</node>
				<node title="Layout">
					<node title="box" url="ample/xul/box.xml"/>
					<node title="hbox" url="ample/xul/hbox.xml"/>
					<node title="vbox" url="ample/xul/vbox.xml"/>
					<node title="bbox" xurl="ample/xul/bbox.xml"/>
					<node title="deck" url="ample/xul/deck.xml"/>
					<node title="stack" url="ample/xul/stack.xml"/>
					<node title="grid" url="ample/xul/grid.xml"/>
					<node title="column" url="ample/xul/column.xml"/>
					<node title="columns" url="ample/xul/columns.xml"/>
					<node title="row" url="ample/xul/row.xml"/>
					<node title="rows" url="ample/xul/rows.xml"/>
					<node title="scrollbox" xurl="ample/xul/scrollbox.xml"/>
					<node title="splitter" url="ample/xul/splitter.xml"/>
				</node>
				<node title="Scripting">
					<node title="script" url="ample/xul/script.xml"/>
					<node title="command" url="ample/xul/command.xml"/>
					<node title="commandset" url="ample/xul/commandset.xml"/>
					<node title="broadcaster" url="ample/xul/broadcaster.xml"/>
					<node title="broadcasterset" url="ample/xul/broadcasterset.xml"/>
					<node title="observes" xurl="ample/xul/observes.xml"/>
					<node title="key" url="ample/xul/key.xml"/>
					<node title="keyset" url="ample/xul/keyset.xml"/>
					<node title="stringbundle" xurl="ample/xul/stringbundle.xml"/>
					<node title="stringbundleset" xurl="ample/xul/stringbundleset.xml"/>
				</node>
				<node title="Helper elements">
					<node title="arrowscrollbox" url="ample/xul/arrowscrollbox.xml"/>
					<node title="grippy" xurl="ample/xul/grippy.xml"/>
					<node title="dropmarker" xurl="ample/xul/dropmarker.xml"/>
					<node title="scrollbar" xurl="ample/xul/scrollbar.xml"/>
					<node title="scrollcorner" xurl="ample/xul/scrollcorner.xml"/>
					<node title="spinbuttons" url="ample/xul/spinbuttons.xml"/>
					<!-- spinbuttons on Mozilla belongs here -->
				</node>
			</node>
		</node>
		<node title="AUI 1.0">
			<node title="Overview" url="ample/aui/index.xml" />
			<node title="XML Schema" url="ample/aui/aui.xsd"/>
			<node title="Objects">
				<node title="AUIElement" url="ample/aui/AUIElement.xml"/>
			</node>
			<node title="Elements">
				<node title="Maps">
					<node title="map" url="ample/aui/map.xml"/>
					<node title="marker" url="ample/aui/marker.xml"/>
					<node title="route" xurl="ample/aui/route.xml"/>
					<node title="checkpoint" xurl="ample/aui/checkpoint.xml"/>
				</node>
				<node title="filepicker" url="ample/aui/filepicker.xml"/>
				<node title="pager" xurl="ample/aui/pager.xml"/>
				<node title="panel" xurl="ample/aui/panel.xml"/>
				<node title="panelset" xurl="ample/aui/panelset.xml"/>
				<node title="sidebar" xurl="ample/aui/sidebar.xml"/>
				<node title="sound" xurl="ample/aui/sound.xml"/>
				<node title="xhtml" xurl="ample/aui/xhtml.xml"/>
 			</node>
		</node>
	</node>
</book>