<?xml version="1.0"?>
<?xml-stylesheet type="text/xsl" href="../../../stylesheets/page.xsl"?>
<article>
	<title>Abstract XML Markup Language (AML 1.0)</title>
	<abstract>
		<locale>
			The AML language contains common functional elements and attributes.
		</locale>
	</abstract>
	<content>
		<section>
			<title>
				<locale>
					Namespace URI
				</locale>
				<locale xml:lang="ru">
					Пространство имен
				</locale>
			</title>
			<content>
				<locale>
					AML 1.0 defines a namespaces associated with the URI <b>http://www.amplesdk.com/ns/aml</b>.
				</locale>
				<locale xml:lang="ru">
					Пространство имен AML 1.0 определяется URI <uri>http://www.amplesdk.com/ns/aml</uri>.
				</locale>
			</content>
		</section>
		<section>
			<title>
				<locale>
					Ample SDK implementation details
				</locale>
				<locale xml:lang="ru">
					Реализация в Ample SDK
				</locale>
			</title>
			<content>
				<locale>
					This language is being developed by <a href="http://www.amplesdk.com/community/">Ample SDK community</a>.
				</locale>
				<locale xml:lang="ru">
					Этот язык разрабатывается и поддерживается <a href="http://www.amplesdk.com/community/">сообществом Ample SDK</a>.
				</locale>
			</content>
		</section>
	</content>
</article>